id,origem,publicado_em_ou_data_do_acervo,canal,profundidade,observacao,interpretacao,decisao,data_coleta
L01,../ANALISE_MINUCIOSA_REDES_FILIPE_FRAZAO.md,2026-08-27,multicanal,texto de seções selecionadas,Bio ampla e primeira fileira institucional registradas,Hipótese de atrito para visitante frio,Nova bio e funções de fixados,2026-09-09
L02,../APRESENTACAO_ESTRATEGICA_STORIES_FILIPE_FRAZAO.pdf,2026-08-28,Stories,texto extraído das 27 páginas,Versão anterior de planejamento,Não comprova Stories publicados,Preservar como acervo,2026-09-09
L03,../APRESENTACAO_ESTRATEGICA_STORIES_FILIPE_FRAZAO_COM_HORARIOS.pdf,2026-08-31,Stories,texto das 28 páginas lido e revisão visual selecionada,"CTA legado, exclusividade não comprovada e denominadores imprecisos",Necessidade de correção factual/metodológica,PDF revisado,2026-09-09
U01,../2026-09-09-tiktok-capas/referencia-enviada.jpeg,,referência visual,imagem,"Seis capas com contagens entre 2.106 e 57,8 mil",A aparência não isola causas do desempenho,Modelo de capa e teste editorial,2026-09-09
W01,https://frzgroup.com.br/,,site oficial,texto e links,Apresenta Filipe e atuação em gestão/tecnologia,Tema proposto tem apoio no repertório declarado,Posicionamento e credencial delimitada,2026-09-09
W02,https://alfredosoares.com.br/,,site oficial,texto e links,"Vendas, marketing, varejo, livros e educação",Continuidade de território e oferta,Comparação de arquitetura,2026-09-09
W03,https://pt.linkedin.com/posts/alfredocbs_n%C3%A3o-foi-f%C3%A1cil-foi-sem-dancinha-muito-poucas-activity-7207891751796109312-3VES,data relativa de 2 anos na página,LinkedIn,texto integral do post,Relato sobre produzir conteúdo e registrar a vida,Autoria e experiência como contexto,Bastidores com decisão própria,2026-09-09
W04,https://www.instagram.com/filipefrazao1/,,Instagram,tentativa de acesso,Abertura falhou,Grade atual desconhecida,Limitação explícita,2026-09-09
W05,https://www.instagram.com/alfredosoares/,,Instagram,vínculo no site; tentativa de acesso,Vinculado por site oficial; perfil não carregou,Oficialidade corroborada; conteúdo atual não examinado,Mapa de canais,2026-09-09
W06,https://www.tiktok.com/@filipefrazao1,,TikTok,tentativa de acesso,Abertura falhou,Sem auditoria audiovisual,Limitação explícita,2026-09-09
W07,https://www.tiktok.com/@alfredosoaresoficial,,TikTok,URL indicada pelo usuário; acesso falhou,Conta não confirmada diretamente,Não inventar métricas ou amostra,Limitação explícita,2026-09-09
W08,https://www.youtube.com/alfredosoaresempreendedor,,YouTube,link do site oficial,Endereço legado; handle atual descoberto separadamente,Equivalência ainda não confirmada,Mapa de canais com ressalva,2026-09-09
W09,https://open.spotify.com/show/7rnsh3elMDwNoPTF4rLFpO,,Spotify,destino de link do site oficial,Todos Somos Vendedores,Vínculo; não audição,Mapa de canais,2026-09-09
W10,https://support.tiktok.com/en/using-tiktok/exploring-videos/how-tiktok-recommends-content,,documentação oficial,texto indexado,Interações e tempo assistido pesam na recomendação,Priorizar experiência de assistir nos testes,Plano de mensuração,2026-09-09
W11,https://about.fb.com/ja/news/2021/10/linkaccessstickers/,2021-10-28,documentação oficial,texto,Substituição do swipe-up por sticker de link,CTA antigo precisa ser atualizado,Página 9 revisada,2026-09-09
