Date,Video Views,Profile Views,Likes,Comments,Shares,data_inferida
September 8,44,0,9,3,0,2025-09-08
September 9,54,0,10,1,0,2025-09-09
September 10,31,0,5,0,0,2025-09-10
September 11,47,1,7,0,0,2025-09-11
September 12,18,0,2,1,2,2025-09-12
September 13,24,2,1,0,0,2025-09-13
September 14,31,3,5,0,0,2025-09-14
September 15,27,2,2,1,0,2025-09-15
September 16,28,0,7,0,0,2025-09-16
September 17,27,1,4,0,0,2025-09-17
September 18,37,0,6,0,0,2025-09-18
September 19,23,0,1,1,0,2025-09-19
September 20,34,1,4,0,0,2025-09-20
September 21,38,1,1,0,0,2025-09-21
September 22,40,1,5,0,0,2025-09-22
September 23,32,2,4,0,0,2025-09-23
September 24,17,0,4,-1,0,2025-09-24
September 25,7,1,0,0,0,2025-09-25
September 26,9,0,1,0,0,2025-09-26
September 27,10,0,0,0,0,2025-09-27
September 28,13,0,0,0,0,2025-09-28
September 29,10,1,0,0,0,2025-09-29
September 30,10,0,0,0,0,2025-09-30
October 1,7,0,0,0,0,2025-10-01
October 2,5,0,0,0,0,2025-10-02
October 3,6,0,0,0,0,2025-10-03
October 4,8,0,0,0,0,2025-10-04
October 5,11,0,0,0,0,2025-10-05
October 6,8,0,0,0,0,2025-10-06
October 7,13,1,1,0,0,2025-10-07
October 8,6,1,0,-1,0,2025-10-08
October 9,8,1,0,0,0,2025-10-09
October 10,14,2,2,0,0,2025-10-10
October 11,12,0,0,0,0,2025-10-11
October 12,11,0,0,0,0,2025-10-12
October 13,6,0,0,-1,0,2025-10-13
October 14,9,0,0,0,0,2025-10-14
October 15,4,0,0,0,0,2025-10-15
October 16,2,1,0,0,0,2025-10-16
October 17,7,0,0,0,0,2025-10-17
October 18,6,0,0,0,0,2025-10-18
October 19,17,1,1,0,0,2025-10-19
October 20,1,0,0,0,0,2025-10-20
October 21,6,0,0,0,0,2025-10-21
October 22,6,0,0,0,0,2025-10-22
October 23,15,0,0,0,0,2025-10-23
October 24,8,0,0,0,0,2025-10-24
October 25,35,0,0,0,0,2025-10-25
October 26,9,0,0,0,0,2025-10-26
October 27,8,0,0,0,0,2025-10-27
October 28,9,0,0,0,0,2025-10-28
October 29,13,0,1,0,0,2025-10-29
October 30,6,0,0,0,0,2025-10-30
October 31,2,0,0,0,0,2025-10-31
November 1,6,0,1,1,0,2025-11-01
November 2,1,0,0,0,0,2025-11-02
November 3,4,2,0,0,0,2025-11-03
November 4,2,0,0,0,0,2025-11-04
November 5,7,1,0,0,0,2025-11-05
November 6,4,0,0,0,0,2025-11-06
November 7,6,0,0,0,0,2025-11-07
November 8,4,0,1,0,0,2025-11-08
November 9,6,0,0,0,0,2025-11-09
November 10,6,0,0,0,0,2025-11-10
November 11,8,0,0,0,0,2025-11-11
November 12,2,0,0,0,0,2025-11-12
November 13,7,0,0,0,0,2025-11-13
November 14,3,0,1,0,0,2025-11-14
November 15,0,0,0,0,0,2025-11-15
November 16,2,0,0,0,0,2025-11-16
November 17,3,0,0,0,0,2025-11-17
November 18,2,0,1,0,0,2025-11-18
November 19,0,0,0,0,0,2025-11-19
November 20,10,0,0,0,0,2025-11-20
November 21,5,0,0,0,0,2025-11-21
November 22,0,0,0,0,0,2025-11-22
November 23,2,0,0,0,0,2025-11-23
November 24,2,0,1,0,0,2025-11-24
November 25,3,0,0,0,0,2025-11-25
November 26,2,0,0,0,0,2025-11-26
November 27,6,0,0,0,0,2025-11-27
November 28,2,0,0,0,0,2025-11-28
November 29,2,0,1,0,0,2025-11-29
November 30,1,0,0,0,0,2025-11-30
December 1,2,0,0,0,0,2025-12-01
December 2,7,0,0,0,0,2025-12-02
December 3,3,0,0,0,0,2025-12-03
December 4,1,0,0,0,0,2025-12-04
December 5,8,0,0,0,0,2025-12-05
December 6,2,0,0,0,0,2025-12-06
December 7,2,0,0,0,0,2025-12-07
December 8,5,0,0,0,0,2025-12-08
December 9,14,0,0,0,0,2025-12-09
December 10,7,0,0,0,0,2025-12-10
December 11,24,3,0,0,0,2025-12-11
December 12,2,0,0,0,0,2025-12-12
December 13,1,0,1,0,0,2025-12-13
December 14,6,0,0,0,0,2025-12-14
December 15,3,0,0,0,0,2025-12-15
December 16,7,0,0,0,0,2025-12-16
December 17,1,0,0,0,0,2025-12-17
December 18,1,0,0,0,0,2025-12-18
December 19,2,0,1,0,0,2025-12-19
December 20,3,0,0,0,0,2025-12-20
December 21,4,0,0,0,0,2025-12-21
December 22,4,0,0,0,0,2025-12-22
December 23,4,0,0,0,0,2025-12-23
December 24,2,1,0,0,0,2025-12-24
December 25,0,0,0,0,0,2025-12-25
December 26,1,0,0,0,0,2025-12-26
December 27,1,0,0,0,0,2025-12-27
December 28,6,0,0,0,0,2025-12-28
December 29,3,0,0,0,0,2025-12-29
December 30,2,0,0,0,0,2025-12-30
December 31,1,0,0,0,0,2025-12-31
January 1,1,0,0,0,0,2026-01-01
January 2,9,0,0,0,0,2026-01-02
January 3,6,0,0,0,0,2026-01-03
January 4,4,0,0,0,0,2026-01-04
January 5,4,1,0,0,0,2026-01-05
January 6,7,0,0,0,0,2026-01-06
January 7,4,0,0,0,0,2026-01-07
January 8,8,0,0,0,0,2026-01-08
January 9,1,1,0,0,0,2026-01-09
January 10,0,1,0,0,0,2026-01-10
January 11,0,0,0,0,0,2026-01-11
January 12,3,0,0,0,0,2026-01-12
January 13,1,1,0,0,0,2026-01-13
January 14,1,0,0,0,0,2026-01-14
January 15,5,0,0,0,0,2026-01-15
January 16,2,0,0,-2,0,2026-01-16
January 17,2,0,1,0,0,2026-01-17
January 18,2,0,0,0,0,2026-01-18
January 19,3,0,0,0,0,2026-01-19
January 20,8,0,0,0,0,2026-01-20
January 21,4,0,0,0,0,2026-01-21
January 22,4,1,0,0,0,2026-01-22
January 23,1,0,0,0,0,2026-01-23
January 24,3,0,0,0,0,2026-01-24
January 25,2,0,0,0,0,2026-01-25
January 26,3,0,0,0,0,2026-01-26
January 27,3,0,0,0,0,2026-01-27
January 28,7,1,1,0,0,2026-01-28
January 29,3,0,0,0,0,2026-01-29
January 30,1,1,0,0,0,2026-01-30
January 31,2,0,0,0,0,2026-01-31
February 1,2,0,0,0,0,2026-02-01
February 2,7,0,0,0,0,2026-02-02
February 3,4,0,0,0,0,2026-02-03
February 4,15,0,0,0,0,2026-02-04
February 5,4,0,0,0,0,2026-02-05
February 6,16,1,3,0,0,2026-02-06
February 7,3,0,0,0,0,2026-02-07
February 8,1,0,0,0,0,2026-02-08
February 9,3,0,0,0,0,2026-02-09
February 10,2,0,0,0,0,2026-02-10
February 11,7,0,1,0,0,2026-02-11
February 12,4,0,0,0,0,2026-02-12
February 13,15,0,0,0,0,2026-02-13
February 14,4,1,0,-1,0,2026-02-14
February 15,6,2,0,0,0,2026-02-15
February 16,2,0,0,0,0,2026-02-16
February 17,2,0,0,0,0,2026-02-17
February 18,18,0,1,0,0,2026-02-18
February 19,6,0,0,0,0,2026-02-19
February 20,6,0,0,0,0,2026-02-20
February 21,0,0,0,0,0,2026-02-21
February 22,5,0,0,0,0,2026-02-22
February 23,7,0,0,0,0,2026-02-23
February 24,4,1,0,0,0,2026-02-24
February 25,2,0,0,0,0,2026-02-25
February 26,7,0,0,0,0,2026-02-26
February 27,13,2,0,0,0,2026-02-27
February 28,2,0,0,0,0,2026-02-28
March 1,6,1,1,0,0,2026-03-01
March 2,1,0,0,0,0,2026-03-02
March 3,6,0,0,0,0,2026-03-03
March 4,1,0,0,0,0,2026-03-04
March 5,8,0,0,0,0,2026-03-05
March 6,2,0,0,0,0,2026-03-06
March 7,3,0,0,0,0,2026-03-07
March 8,3,0,0,0,0,2026-03-08
March 9,2,0,0,0,0,2026-03-09
March 10,2,1,0,0,0,2026-03-10
March 11,1,0,0,0,0,2026-03-11
March 12,2,0,0,0,0,2026-03-12
March 13,5,0,0,0,0,2026-03-13
March 14,3,0,0,0,0,2026-03-14
March 15,10,0,0,0,0,2026-03-15
March 16,5,0,0,0,0,2026-03-16
March 17,3,0,0,0,0,2026-03-17
March 18,2,0,0,0,0,2026-03-18
March 19,1,0,0,0,0,2026-03-19
March 20,1,0,0,0,0,2026-03-20
March 21,4,0,0,0,0,2026-03-21
March 22,4,0,0,0,0,2026-03-22
March 23,0,0,0,0,0,2026-03-23
March 24,1,0,0,0,0,2026-03-24
March 25,0,0,0,0,0,2026-03-25
March 26,1,0,0,0,0,2026-03-26
March 27,1,0,0,0,0,2026-03-27
March 28,2,0,0,0,0,2026-03-28
March 29,2,0,0,0,0,2026-03-29
March 30,2,0,0,0,0,2026-03-30
March 31,2,0,0,0,0,2026-03-31
April 1,4,0,0,0,0,2026-04-01
April 2,8,0,0,0,0,2026-04-02
April 3,1,0,0,0,0,2026-04-03
April 4,0,0,0,0,0,2026-04-04
April 5,0,0,0,0,0,2026-04-05
April 6,5,0,0,0,0,2026-04-06
April 7,0,0,0,0,0,2026-04-07
April 8,4,0,0,0,0,2026-04-08
April 9,2,0,0,0,0,2026-04-09
April 10,6,0,0,0,0,2026-04-10
April 11,3,0,0,0,0,2026-04-11
April 12,0,0,0,0,0,2026-04-12
April 13,3,0,0,0,0,2026-04-13
April 14,8,0,0,0,0,2026-04-14
April 15,2,0,0,0,0,2026-04-15
April 16,1,0,0,0,0,2026-04-16
April 17,1,0,0,0,0,2026-04-17
April 18,6,0,0,0,0,2026-04-18
April 19,1,0,0,0,0,2026-04-19
April 20,4,0,1,-1,0,2026-04-20
April 21,3,0,0,0,0,2026-04-21
April 22,1,0,0,0,0,2026-04-22
April 23,228,3,6,0,0,2026-04-23
April 24,374,2,8,0,0,2026-04-24
April 25,20,0,1,0,0,2026-04-25
April 26,14,0,0,0,0,2026-04-26
April 27,8,0,0,-1,0,2026-04-27
April 28,12,0,0,0,0,2026-04-28
April 29,4,0,0,0,0,2026-04-29
April 30,3,0,0,0,0,2026-04-30
May 1,4,0,1,0,0,2026-05-01
May 2,4,0,1,0,0,2026-05-02
May 3,6,0,0,0,0,2026-05-03
May 4,3,0,0,-1,0,2026-05-04
May 5,3,0,1,0,0,2026-05-05
May 6,123,1,9,0,0,2026-05-06
May 7,131,1,8,-1,0,2026-05-07
May 8,32,0,1,0,0,2026-05-08
May 9,14,0,0,0,1,2026-05-09
May 10,15,0,2,0,0,2026-05-10
May 11,12,0,0,0,0,2026-05-11
May 12,21,0,0,0,0,2026-05-12
May 13,4,0,0,0,0,2026-05-13
May 14,6,0,0,0,0,2026-05-14
May 15,10,0,0,0,0,2026-05-15
May 16,2,0,0,0,0,2026-05-16
May 17,4,0,0,0,0,2026-05-17
May 18,2,0,0,-1,0,2026-05-18
May 19,445,2,14,0,0,2026-05-19
May 20,634,2,18,0,0,2026-05-20
May 21,295,4,3,2,0,2026-05-21
May 22,425,1,18,1,0,2026-05-22
May 23,394,4,20,0,0,2026-05-23
May 24,327,1,8,0,0,2026-05-24
May 25,576,2,14,0,1,2026-05-25
May 26,686,0,17,0,0,2026-05-26
May 27,178,3,10,0,0,2026-05-27
May 28,610,1,18,0,3,2026-05-28
May 29,602,1,18,0,0,2026-05-29
May 30,258,0,7,0,3,2026-05-30
May 31,239,2,10,0,0,2026-05-31
June 1,309,0,15,0,0,2026-06-01
June 2,528,1,10,0,0,2026-06-02
June 3,650,1,37,0,2,2026-06-03
June 4,207,0,15,0,0,2026-06-04
June 5,537,2,19,0,1,2026-06-05
June 6,330,0,10,0,0,2026-06-06
June 7,1262,4,29,0,0,2026-06-07
June 8,303,2,10,0,0,2026-06-08
June 9,349,0,10,0,0,2026-06-09
June 10,563,5,31,0,0,2026-06-10
June 11,3016,47,49,13,2,2026-06-11
June 12,1459,29,13,6,1,2026-06-12
June 13,2036,32,13,9,3,2026-06-13
June 14,1466,25,7,2,2,2026-06-14
June 15,900,12,9,1,2,2026-06-15
June 16,454,7,4,7,0,2026-06-16
June 17,79,2,1,0,0,2026-06-17
June 18,113,2,8,0,0,2026-06-18
June 19,224,2,5,0,2,2026-06-19
June 20,29,0,0,0,0,2026-06-20
June 21,43,1,2,0,0,2026-06-21
June 22,42,2,0,0,0,2026-06-22
June 23,45,1,2,1,0,2026-06-23
June 24,46,0,1,0,0,2026-06-24
June 25,46,1,0,0,0,2026-06-25
June 26,34,0,0,0,0,2026-06-26
June 27,51,1,0,0,0,2026-06-27
June 28,48,0,1,-1,0,2026-06-28
June 29,33,0,0,0,0,2026-06-29
June 30,73,0,2,0,0,2026-06-30
July 1,36,0,3,0,0,2026-07-01
July 2,45,0,1,0,0,2026-07-02
July 3,28,0,0,0,0,2026-07-03
July 4,90,0,0,0,0,2026-07-04
July 5,17,0,1,0,1,2026-07-05
July 6,27,0,1,0,0,2026-07-06
July 7,39,1,1,0,0,2026-07-07
July 8,46,0,1,0,0,2026-07-08
July 9,38,0,0,0,0,2026-07-09
July 10,50,2,0,0,1,2026-07-10
July 11,28,1,1,0,0,2026-07-11
July 12,65,1,1,0,0,2026-07-12
July 13,38,0,0,0,2,2026-07-13
July 14,53,0,2,0,0,2026-07-14
July 15,29,0,0,0,0,2026-07-15
July 16,48,0,0,0,0,2026-07-16
July 17,42,1,1,0,1,2026-07-17
July 18,28,0,0,0,0,2026-07-18
July 19,36,0,3,0,0,2026-07-19
July 20,37,0,2,0,0,2026-07-20
July 21,60,0,2,0,0,2026-07-21
July 22,30,0,0,0,0,2026-07-22
July 23,27,0,0,0,0,2026-07-23
July 24,39,1,1,0,0,2026-07-24
July 25,17,0,1,0,0,2026-07-25
July 26,26,0,0,0,0,2026-07-26
July 27,31,0,2,0,0,2026-07-27
July 28,45,2,1,0,1,2026-07-28
July 29,29,0,1,0,0,2026-07-29
July 30,30,0,0,0,1,2026-07-30
July 31,38,0,1,0,1,2026-07-31
August 1,15,0,0,0,0,2026-08-01
August 2,11,1,2,0,0,2026-08-02
August 3,25,0,1,0,0,2026-08-03
August 4,36,1,2,0,0,2026-08-04
August 5,18,0,0,0,0,2026-08-05
August 6,40,0,5,0,0,2026-08-06
August 7,33,0,1,0,1,2026-08-07
August 8,80,0,4,0,0,2026-08-08
August 9,23,0,1,0,0,2026-08-09
August 10,30,0,2,0,0,2026-08-10
August 11,29,0,3,0,0,2026-08-11
August 12,27,0,1,0,0,2026-08-12
August 13,24,0,0,0,0,2026-08-13
August 14,35,0,4,0,0,2026-08-14
August 15,22,2,2,0,0,2026-08-15
August 16,24,0,0,0,0,2026-08-16
August 17,17,0,0,0,0,2026-08-17
August 18,20,0,0,0,0,2026-08-18
August 19,17,0,0,0,0,2026-08-19
August 20,26,0,0,0,0,2026-08-20
August 21,18,2,0,0,0,2026-08-21
August 22,14,1,1,0,2,2026-08-22
August 23,13,0,0,0,0,2026-08-23
August 24,15,0,0,0,0,2026-08-24
August 25,17,0,1,0,0,2026-08-25
August 26,24,0,0,0,0,2026-08-26
August 27,13,1,1,0,0,2026-08-27
August 28,15,0,1,0,0,2026-08-28
August 29,18,0,0,0,0,2026-08-29
August 30,6,0,0,0,0,2026-08-30
August 31,314,1,10,0,0,2026-08-31
September 1,389,1,18,0,1,2026-09-01
September 2,44,0,2,0,0,2026-09-02
September 3,29,0,1,0,0,2026-09-03
September 4,22,0,1,1,0,2026-09-04
September 5,20,0,2,0,0,2026-09-05
September 6,14,0,0,0,0,2026-09-06
September 7,15,0,0,0,0,2026-09-07
